{
    "ingestion": {
        "raw_data_path": "artifacts\\raw\\laptop_raw.csv"
    },
    "transformation": {
        "transformer": "artifacts\\transformed\\preprocessor.joblib",
        "train_csv": "artifacts\\transformed\\train.csv",
        "test_csv": "artifacts\\transformed\\test.csv"
    },
    "model": {
        "model_path": "artifacts\\model\\best_model.joblib",
        "train_score": 0.9655826615144387,
        "test_score": 0.9650240530089602
    },
    "evaluation": {
        "RMSE": 8243.503973813784,
        "MAE": 5749.0160413520925,
        "R2": 0.9650240530089602
    },
    "pushed": {
        "versioned_path": "prediction\\models\\models\\best_model_20260102_135906.joblib",
        "archived_previous_active": "prediction\\models\\archive\\current_model_20260102_135906.joblib",
        "active_path": "prediction\\models\\models\\current_model.joblib"
    }
}